image,actual,v2_prediction,v2_confidence,specialist_prediction,specialist_confidence,v2_correct,specialist_correct
/kaggle/input/datasets/nirmalsankalana/plantdoc-dataset/test/Tomato_Early_blight_leaf/test_Tomato Early blight leaf_1.jpg,Tomato_Early_Blight,Tomato_Leaf_Mold,0.5631953477859497,Tomato_Early_Blight,0.4344496726989746,False,True
/kaggle/input/datasets/nirmalsankalana/plantdoc-dataset/test/Tomato_Early_blight_leaf/test_Tomato Early blight leaf_2.jpg,Tomato_Early_Blight,Tomato_Leaf_Mold,0.3496851325035095,Tomato_Leaf_Mold,0.38218605518341064,False,False
/kaggle/input/datasets/nirmalsankalana/plantdoc-dataset/test/Tomato_Early_blight_leaf/test_Tomato Early blight leaf_3.jpg,Tomato_Early_Blight,Tomato_Septoria_Leaf_Spot,0.7495567798614502,Tomato_Early_Blight,0.38453158736228943,False,True
/kaggle/input/datasets/nirmalsankalana/plantdoc-dataset/test/Tomato_Early_blight_leaf/test_Tomato Early blight leaf_4.jpg,Tomato_Early_Blight,Tomato_Early_Blight,0.9999767541885376,Tomato_Early_Blight,0.982302188873291,True,True
/kaggle/input/datasets/nirmalsankalana/plantdoc-dataset/test/Tomato_Early_blight_leaf/test_Tomato Early blight leaf_5.jpg,Tomato_Early_Blight,Tomato_Leaf_Mold,0.38225892186164856,Tomato_Septoria_Leaf_Spot,0.44105520844459534,False,False
/kaggle/input/datasets/nirmalsankalana/plantdoc-dataset/test/Tomato_Early_blight_leaf/test_Tomato Early blight leaf_6.jpg,Tomato_Early_Blight,Tomato_Leaf_Mold,0.35378971695899963,Tomato_Early_Blight,0.3896597623825073,False,True
/kaggle/input/datasets/nirmalsankalana/plantdoc-dataset/test/Tomato_Early_blight_leaf/test_Tomato Early blight leaf_7.jpg,Tomato_Early_Blight,Tomato_Leaf_Mold,0.9783217310905457,Tomato_Early_Blight,0.2505757510662079,False,True
/kaggle/input/datasets/nirmalsankalana/plantdoc-dataset/test/Tomato_Early_blight_leaf/test_Tomato Early blight leaf_8.jpg,Tomato_Early_Blight,NON_TOMATO_V2_CLASS,0.3090740442276001,Tomato_Early_Blight,0.2548953592777252,False,True
/kaggle/input/datasets/nirmalsankalana/plantdoc-dataset/test/Tomato_Early_blight_leaf/test_Tomato Early blight leaf_9.jpg,Tomato_Early_Blight,Tomato_Septoria_Leaf_Spot,0.714124858379364,Tomato_Early_Blight,0.5703731179237366,False,True
/kaggle/input/datasets/nirmalsankalana/plantdoc-dataset/test/Tomato_Septoria_leaf_spot/test_Tomato Septoria leaf spot_10.jpg,Tomato_Septoria_Leaf_Spot,Tomato_Septoria_Leaf_Spot,0.5386728644371033,Tomato_Septoria_Leaf_Spot,0.9566850662231445,True,True
/kaggle/input/datasets/nirmalsankalana/plantdoc-dataset/test/Tomato_Septoria_leaf_spot/test_Tomato Septoria leaf spot_11.jpg,Tomato_Septoria_Leaf_Spot,Tomato_Mosaic_Virus,0.5882051587104797,Tomato_Leaf_Mold,0.35866954922676086,False,False
/kaggle/input/datasets/nirmalsankalana/plantdoc-dataset/test/Tomato_Septoria_leaf_spot/test_Tomato Septoria leaf spot_1_1.jpg,Tomato_Septoria_Leaf_Spot,Tomato_Septoria_Leaf_Spot,0.5086432695388794,Tomato_Septoria_Leaf_Spot,0.42270612716674805,True,True
/kaggle/input/datasets/nirmalsankalana/plantdoc-dataset/test/Tomato_Septoria_leaf_spot/test_Tomato Septoria leaf spot_1_2.jpg,Tomato_Septoria_Leaf_Spot,Tomato_Septoria_Leaf_Spot,0.9037519097328186,Tomato_Septoria_Leaf_Spot,0.8305959701538086,True,True
/kaggle/input/datasets/nirmalsankalana/plantdoc-dataset/test/Tomato_Septoria_leaf_spot/test_Tomato Septoria leaf spot_2.jpg,Tomato_Septoria_Leaf_Spot,Tomato_Septoria_Leaf_Spot,0.31133541464805603,Tomato_Septoria_Leaf_Spot,0.3838546574115753,True,True
/kaggle/input/datasets/nirmalsankalana/plantdoc-dataset/test/Tomato_Septoria_leaf_spot/test_Tomato Septoria leaf spot_3.jpg,Tomato_Septoria_Leaf_Spot,Tomato_Septoria_Leaf_Spot,0.973994791507721,Tomato_Septoria_Leaf_Spot,0.6308163404464722,True,True
/kaggle/input/datasets/nirmalsankalana/plantdoc-dataset/test/Tomato_Septoria_leaf_spot/test_Tomato Septoria leaf spot_4.jpg,Tomato_Septoria_Leaf_Spot,Tomato_Septoria_Leaf_Spot,0.7427076697349548,Tomato_Septoria_Leaf_Spot,0.9657678008079529,True,True
/kaggle/input/datasets/nirmalsankalana/plantdoc-dataset/test/Tomato_Septoria_leaf_spot/test_Tomato Septoria leaf spot_5.jpg,Tomato_Septoria_Leaf_Spot,Tomato_Septoria_Leaf_Spot,0.9547709226608276,Tomato_Septoria_Leaf_Spot,0.6726354956626892,True,True
/kaggle/input/datasets/nirmalsankalana/plantdoc-dataset/test/Tomato_Septoria_leaf_spot/test_Tomato Septoria leaf spot_6.jpg,Tomato_Septoria_Leaf_Spot,Tomato_Septoria_Leaf_Spot,0.964405357837677,Tomato_Septoria_Leaf_Spot,0.902332603931427,True,True
/kaggle/input/datasets/nirmalsankalana/plantdoc-dataset/test/Tomato_Septoria_leaf_spot/test_Tomato Septoria leaf spot_7.jpg,Tomato_Septoria_Leaf_Spot,Tomato_Septoria_Leaf_Spot,0.5548577308654785,Tomato_Septoria_Leaf_Spot,0.6369860768318176,True,True
/kaggle/input/datasets/nirmalsankalana/plantdoc-dataset/test/Tomato_Septoria_leaf_spot/test_Tomato Septoria leaf spot_8.jpg,Tomato_Septoria_Leaf_Spot,Tomato_Septoria_Leaf_Spot,0.9840875267982483,Tomato_Septoria_Leaf_Spot,0.9894200563430786,True,True
/kaggle/input/datasets/nirmalsankalana/plantdoc-dataset/test/Tomato_Septoria_leaf_spot/test_Tomato Septoria leaf spot_9.jpg,Tomato_Septoria_Leaf_Spot,Tomato_Septoria_Leaf_Spot,0.8823319673538208,Tomato_Septoria_Leaf_Spot,0.8399904370307922,True,True
/kaggle/input/datasets/nirmalsankalana/plantdoc-dataset/test/Tomato_leaf_bacterial_spot/test_Tomato leaf bacterial spot_1.jpg,Tomato_Bacterial_Spot,Tomato_Leaf_Mold,0.551516056060791,Tomato_Septoria_Leaf_Spot,0.8440464735031128,False,False
/kaggle/input/datasets/nirmalsankalana/plantdoc-dataset/test/Tomato_leaf_bacterial_spot/test_Tomato leaf bacterial spot_2.jpg,Tomato_Bacterial_Spot,Tomato_Leaf_Mold,0.3171774744987488,Tomato_Early_Blight,0.46087050437927246,False,False
/kaggle/input/datasets/nirmalsankalana/plantdoc-dataset/test/Tomato_leaf_bacterial_spot/test_Tomato leaf bacterial spot_3.jpg,Tomato_Bacterial_Spot,Tomato_Leaf_Mold,0.6819734573364258,Tomato_Septoria_Leaf_Spot,0.3495135009288788,False,False
/kaggle/input/datasets/nirmalsankalana/plantdoc-dataset/test/Tomato_leaf_bacterial_spot/test_Tomato leaf bacterial spot_4.jpg,Tomato_Bacterial_Spot,Tomato_Late_Blight,0.4764602780342102,Tomato_Early_Blight,0.39306315779685974,False,False
/kaggle/input/datasets/nirmalsankalana/plantdoc-dataset/test/Tomato_leaf_bacterial_spot/test_Tomato leaf bacterial spot_5.jpg,Tomato_Bacterial_Spot,Tomato_Septoria_Leaf_Spot,0.9653465747833252,Tomato_Septoria_Leaf_Spot,0.7827831506729126,False,False
/kaggle/input/datasets/nirmalsankalana/plantdoc-dataset/test/Tomato_leaf_bacterial_spot/test_Tomato leaf bacterial spot_6.jpg,Tomato_Bacterial_Spot,Tomato_Late_Blight,0.9333094954490662,Tomato_Late_Blight,0.7683536410331726,False,False
/kaggle/input/datasets/nirmalsankalana/plantdoc-dataset/test/Tomato_leaf_bacterial_spot/test_Tomato leaf bacterial spot_7.jpg,Tomato_Bacterial_Spot,Tomato_Septoria_Leaf_Spot,0.5024415850639343,Tomato_Septoria_Leaf_Spot,0.5718240141868591,False,False
/kaggle/input/datasets/nirmalsankalana/plantdoc-dataset/test/Tomato_leaf_bacterial_spot/test_Tomato leaf bacterial spot_8.jpg,Tomato_Bacterial_Spot,Tomato_Septoria_Leaf_Spot,0.9565287828445435,Tomato_Septoria_Leaf_Spot,0.7216638922691345,False,False
/kaggle/input/datasets/nirmalsankalana/plantdoc-dataset/test/Tomato_leaf_bacterial_spot/test_Tomato leaf bacterial spot_9.jpg,Tomato_Bacterial_Spot,Tomato_Septoria_Leaf_Spot,0.8598998785018921,Tomato_Septoria_Leaf_Spot,0.39097094535827637,False,False
/kaggle/input/datasets/nirmalsankalana/plantdoc-dataset/test/Tomato_leaf_late_blight/test_Tomato leaf late blight_1.jpg,Tomato_Late_Blight,NON_TOMATO_V2_CLASS,0.671980619430542,Tomato_Late_Blight,0.9849206805229187,False,True
/kaggle/input/datasets/nirmalsankalana/plantdoc-dataset/test/Tomato_leaf_late_blight/test_Tomato leaf late blight_10.jpg,Tomato_Late_Blight,Tomato_Late_Blight,0.6521000266075134,Tomato_Late_Blight,0.5941564440727234,True,True
/kaggle/input/datasets/nirmalsankalana/plantdoc-dataset/test/Tomato_leaf_late_blight/test_Tomato leaf late blight_2.jpg,Tomato_Late_Blight,NON_TOMATO_V2_CLASS,0.7946799993515015,Tomato_Late_Blight,0.9377495050430298,False,True
/kaggle/input/datasets/nirmalsankalana/plantdoc-dataset/test/Tomato_leaf_late_blight/test_Tomato leaf late blight_3.jpg,Tomato_Late_Blight,Tomato_Leaf_Mold,0.9151977896690369,Tomato_Late_Blight,0.3045295178890228,False,True
/kaggle/input/datasets/nirmalsankalana/plantdoc-dataset/test/Tomato_leaf_late_blight/test_Tomato leaf late blight_4.jpg,Tomato_Late_Blight,Tomato_Septoria_Leaf_Spot,0.47215670347213745,Tomato_Early_Blight,0.432355135679245,False,False
/kaggle/input/datasets/nirmalsankalana/plantdoc-dataset/test/Tomato_leaf_late_blight/test_Tomato leaf late blight_5.jpg,Tomato_Late_Blight,Tomato_Leaf_Mold,0.4433765113353729,Tomato_Early_Blight,0.6911081075668335,False,False
/kaggle/input/datasets/nirmalsankalana/plantdoc-dataset/test/Tomato_leaf_late_blight/test_Tomato leaf late blight_6.jpg,Tomato_Late_Blight,Tomato_Late_Blight,0.5907807946205139,Tomato_Late_Blight,0.4500504732131958,True,True
/kaggle/input/datasets/nirmalsankalana/plantdoc-dataset/test/Tomato_leaf_late_blight/test_Tomato leaf late blight_7.jpg,Tomato_Late_Blight,Tomato_Late_Blight,0.4069536030292511,Tomato_Late_Blight,0.4286964535713196,True,True
/kaggle/input/datasets/nirmalsankalana/plantdoc-dataset/test/Tomato_leaf_late_blight/test_Tomato leaf late blight_8.jpg,Tomato_Late_Blight,Tomato_Late_Blight,0.35840216279029846,Tomato_Late_Blight,0.5993691086769104,True,True
/kaggle/input/datasets/nirmalsankalana/plantdoc-dataset/test/Tomato_leaf_late_blight/test_Tomato leaf late blight_9.jpg,Tomato_Late_Blight,Tomato_Late_Blight,0.4430176913738251,Tomato_Late_Blight,0.947486400604248,True,True
/kaggle/input/datasets/nirmalsankalana/plantdoc-dataset/test/Tomato_leaf_mosaic_virus/test_Tomato leaf mosaic virus_1.jpg,Tomato_Mosaic_Virus,Tomato_Leaf_Mold,0.7737166881561279,Tomato_Late_Blight,0.4708789587020874,False,False
/kaggle/input/datasets/nirmalsankalana/plantdoc-dataset/test/Tomato_leaf_mosaic_virus/test_Tomato leaf mosaic virus_10.jpg,Tomato_Mosaic_Virus,Tomato_Leaf_Mold,0.9861233234405518,Tomato_Mosaic_Virus,0.325432687997818,False,True
/kaggle/input/datasets/nirmalsankalana/plantdoc-dataset/test/Tomato_leaf_mosaic_virus/test_Tomato leaf mosaic virus_2.jpg,Tomato_Mosaic_Virus,Tomato_Mosaic_Virus,0.24821487069129944,Tomato_Leaf_Mold,0.28320300579071045,True,False
/kaggle/input/datasets/nirmalsankalana/plantdoc-dataset/test/Tomato_leaf_mosaic_virus/test_Tomato leaf mosaic virus_3.jpg,Tomato_Mosaic_Virus,Tomato_Mosaic_Virus,0.5560952425003052,Tomato_Mosaic_Virus,0.598074734210968,True,True
/kaggle/input/datasets/nirmalsankalana/plantdoc-dataset/test/Tomato_leaf_mosaic_virus/test_Tomato leaf mosaic virus_4.jpg,Tomato_Mosaic_Virus,Tomato_Leaf_Mold,0.9439482092857361,Tomato_Mosaic_Virus,0.8235296607017517,False,True
/kaggle/input/datasets/nirmalsankalana/plantdoc-dataset/test/Tomato_leaf_mosaic_virus/test_Tomato leaf mosaic virus_5.jpg,Tomato_Mosaic_Virus,Tomato_Mosaic_Virus,0.39498814940452576,Tomato_Mosaic_Virus,0.8784356713294983,True,True
/kaggle/input/datasets/nirmalsankalana/plantdoc-dataset/test/Tomato_leaf_mosaic_virus/test_Tomato leaf mosaic virus_6.jpg,Tomato_Mosaic_Virus,Tomato_Yellow_Virus,0.748894989490509,Tomato_Yellow_Virus,0.586763322353363,False,False
/kaggle/input/datasets/nirmalsankalana/plantdoc-dataset/test/Tomato_leaf_mosaic_virus/test_Tomato leaf mosaic virus_7.jpg,Tomato_Mosaic_Virus,Tomato_Mosaic_Virus,0.4219159781932831,Tomato_Yellow_Virus,0.3341618478298187,True,False
/kaggle/input/datasets/nirmalsankalana/plantdoc-dataset/test/Tomato_leaf_mosaic_virus/test_Tomato leaf mosaic virus_8.jpg,Tomato_Mosaic_Virus,Tomato_Mosaic_Virus,0.7286646962165833,Tomato_Yellow_Virus,0.45782363414764404,True,False
/kaggle/input/datasets/nirmalsankalana/plantdoc-dataset/test/Tomato_leaf_mosaic_virus/test_Tomato leaf mosaic virus_9.jpg,Tomato_Mosaic_Virus,Tomato_Leaf_Mold,0.5580180287361145,Tomato_Leaf_Mold,0.35746243596076965,False,False
/kaggle/input/datasets/nirmalsankalana/plantdoc-dataset/test/Tomato_leaf_yellow_virus/test_Tomato leaf yellow virus_1.jpg,Tomato_Yellow_Virus,Tomato_Yellow_Virus,0.817221999168396,Tomato_Yellow_Virus,0.5987642407417297,True,True
/kaggle/input/datasets/nirmalsankalana/plantdoc-dataset/test/Tomato_leaf_yellow_virus/test_Tomato leaf yellow virus_2_1.jpg,Tomato_Yellow_Virus,Tomato_Mosaic_Virus,0.7076286673545837,Tomato_Yellow_Virus,0.5852347612380981,False,True
/kaggle/input/datasets/nirmalsankalana/plantdoc-dataset/test/Tomato_leaf_yellow_virus/test_Tomato leaf yellow virus_2_2.jpg,Tomato_Yellow_Virus,Tomato_Mosaic_Virus,0.8663778901100159,Tomato_Yellow_Virus,0.6797167062759399,False,True
/kaggle/input/datasets/nirmalsankalana/plantdoc-dataset/test/Tomato_leaf_yellow_virus/test_Tomato leaf yellow virus_2_3.jpg,Tomato_Yellow_Virus,Tomato_Septoria_Leaf_Spot,0.4209801256656647,Tomato_Yellow_Virus,0.6631408333778381,False,True
/kaggle/input/datasets/nirmalsankalana/plantdoc-dataset/test/Tomato_leaf_yellow_virus/test_Tomato leaf yellow virus_2_4.jpg,Tomato_Yellow_Virus,Tomato_Septoria_Leaf_Spot,0.6254435777664185,Tomato_Yellow_Virus,0.620138943195343,False,True
/kaggle/input/datasets/nirmalsankalana/plantdoc-dataset/test/Tomato_leaf_yellow_virus/test_Tomato leaf yellow virus_2_5.jpg,Tomato_Yellow_Virus,Tomato_Mosaic_Virus,0.6421368718147278,Tomato_Yellow_Virus,0.6604061126708984,False,True
/kaggle/input/datasets/nirmalsankalana/plantdoc-dataset/test/Tomato_leaf_yellow_virus/test_Tomato leaf yellow virus_2_6.jpg,Tomato_Yellow_Virus,Tomato_Mosaic_Virus,0.4106939435005188,Tomato_Yellow_Virus,0.48519960045814514,False,True
/kaggle/input/datasets/nirmalsankalana/plantdoc-dataset/test/Tomato_leaf_yellow_virus/test_Tomato leaf yellow virus_3_1.jpg,Tomato_Yellow_Virus,NON_TOMATO_V2_CLASS,0.35710853338241577,Tomato_Leaf_Mold,0.48527413606643677,False,False
/kaggle/input/datasets/nirmalsankalana/plantdoc-dataset/test/Tomato_leaf_yellow_virus/test_Tomato leaf yellow virus_3_2.jpg,Tomato_Yellow_Virus,Tomato_Leaf_Mold,0.3566798269748688,Tomato_Leaf_Mold,0.3640538156032562,False,False
/kaggle/input/datasets/nirmalsankalana/plantdoc-dataset/test/Tomato_leaf_yellow_virus/test_Tomato leaf yellow virus_4_1.jpg,Tomato_Yellow_Virus,Tomato_Yellow_Virus,0.821624755859375,Tomato_Yellow_Virus,0.7352859377861023,True,True
/kaggle/input/datasets/nirmalsankalana/plantdoc-dataset/test/Tomato_leaf_yellow_virus/test_Tomato leaf yellow virus_4_2.jpg,Tomato_Yellow_Virus,Tomato_Yellow_Virus,0.6313353180885315,Tomato_Yellow_Virus,0.7466002702713013,True,True
/kaggle/input/datasets/nirmalsankalana/plantdoc-dataset/test/Tomato_leaf_yellow_virus/test_Tomato leaf yellow virus_5.jpg,Tomato_Yellow_Virus,Tomato_Yellow_Virus,0.9695733189582825,Tomato_Yellow_Virus,0.7692553400993347,True,True
/kaggle/input/datasets/nirmalsankalana/plantdoc-dataset/test/Tomato_leaf_yellow_virus/test_Tomato leaf yellow virus_6_1.jpg,Tomato_Yellow_Virus,Tomato_Mosaic_Virus,0.5697605013847351,Tomato_Mosaic_Virus,0.34584227204322815,False,False
/kaggle/input/datasets/nirmalsankalana/plantdoc-dataset/test/Tomato_leaf_yellow_virus/test_Tomato leaf yellow virus_6_2.jpg,Tomato_Yellow_Virus,Tomato_Leaf_Mold,0.5151152014732361,Tomato_Leaf_Mold,0.5935139060020447,False,False
/kaggle/input/datasets/nirmalsankalana/plantdoc-dataset/test/Tomato_leaf_yellow_virus/test_Tomato leaf yellow virus_6_3.jpg,Tomato_Yellow_Virus,Tomato_Mosaic_Virus,0.8661877512931824,Tomato_Mosaic_Virus,0.5290672779083252,False,False
/kaggle/input/datasets/nirmalsankalana/plantdoc-dataset/test/Tomato_mold_leaf/test_Tomato mold leaf_1.jpg,Tomato_Leaf_Mold,Tomato_Yellow_Virus,0.7914948463439941,Tomato_Yellow_Virus,0.40438851714134216,False,False
/kaggle/input/datasets/nirmalsankalana/plantdoc-dataset/test/Tomato_mold_leaf/test_Tomato mold leaf_2.jpg,Tomato_Leaf_Mold,Tomato_Leaf_Mold,0.4082579016685486,Tomato_Leaf_Mold,0.6594615578651428,True,True
/kaggle/input/datasets/nirmalsankalana/plantdoc-dataset/test/Tomato_mold_leaf/test_Tomato mold leaf_3.jpg,Tomato_Leaf_Mold,Tomato_Late_Blight,0.4698987603187561,Tomato_Septoria_Leaf_Spot,0.40711209177970886,False,False
/kaggle/input/datasets/nirmalsankalana/plantdoc-dataset/test/Tomato_mold_leaf/test_Tomato mold leaf_4.jpg,Tomato_Leaf_Mold,Tomato_Mosaic_Virus,0.43246880173683167,Tomato_Mosaic_Virus,0.35950222611427307,False,False
/kaggle/input/datasets/nirmalsankalana/plantdoc-dataset/test/Tomato_mold_leaf/test_Tomato mold leaf_5.jpg,Tomato_Leaf_Mold,Tomato_Septoria_Leaf_Spot,0.44838839769363403,Tomato_Septoria_Leaf_Spot,0.3383585512638092,False,False
/kaggle/input/datasets/nirmalsankalana/plantdoc-dataset/test/Tomato_mold_leaf/test_Tomato mold leaf_6.jpg,Tomato_Leaf_Mold,Tomato_Leaf_Mold,0.9919677376747131,Tomato_Leaf_Mold,0.7320055365562439,True,True
